id	text
ctx001	The solar system consists of eight planets orbiting around the Sun. Mercury is the closest planet to the Sun and has no atmosphere. Venus is similar in size to Earth but has a thick, toxic atmosphere. Earth is the only known planet to support life, with liquid water on its surface. Mars is known as the Red Planet due to iron oxide on its surface. Jupiter is the largest planet, a gas giant with the Great Red Spot storm. Saturn is famous for its extensive ring system. Uranus rotates on its side and has a blue-green color from methane. Neptune is the farthest planet from the Sun and has the strongest winds.
ctx002	Photosynthesis is the process by which plants convert sunlight into energy. During photosynthesis, plants use chlorophyll to absorb sunlight, carbon dioxide from the air, and water from the soil. These ingredients are converted into glucose and oxygen. The glucose serves as food for the plant, while oxygen is released into the atmosphere. This process occurs primarily in the leaves of plants, specifically in the chloroplasts. Photosynthesis is essential for life on Earth as it produces oxygen and forms the base of most food chains.
ctx003	The American Civil War was fought from 1861 to 1865 between the Northern states (the Union) and the Southern states (the Confederacy). The primary causes of the war were slavery and states' rights. The Union was led by President Abraham Lincoln, while the Confederacy was led by President Jefferson Davis. Major battles included Gettysburg, Antietam, and Vicksburg. The war ended with the Union victory and the abolition of slavery through the 13th Amendment. Over 600,000 soldiers died in the conflict, making it the deadliest war in American history.
ctx004	DNA, or deoxyribonucleic acid, is the molecule that carries genetic information in living organisms. DNA has a double helix structure, with two strands twisted around each other. Each strand is made of nucleotides, which contain one of four bases: adenine, thymine, guanine, and cytosine. Adenine pairs with thymine, and guanine pairs with cytosine. DNA is found in the nucleus of cells and is organized into structures called chromosomes. Humans have 23 pairs of chromosomes, containing approximately 3 billion base pairs of DNA.
ctx005	The Industrial Revolution began in Britain in the late 18th century and spread to other parts of the world. It was characterized by the transition from hand production to machine manufacturing. Key inventions included the steam engine, spinning jenny, and power loom. The revolution led to urbanization as people moved from rural areas to cities for factory work. It also increased production efficiency and led to the rise of capitalism. However, it also resulted in poor working conditions, child labor, and environmental pollution. The Industrial Revolution fundamentally changed society and economy.
ctx006	Quantum mechanics is a fundamental theory in physics that describes nature at the smallest scales. Key principles include wave-particle duality, uncertainty principle, and superposition. According to wave-particle duality, particles can exhibit both wave-like and particle-like properties. The uncertainty principle states that certain pairs of physical properties cannot be simultaneously measured with perfect precision. Superposition allows quantum systems to exist in multiple states at once until measured. Quantum mechanics has led to technologies like transistors, lasers, and quantum computers.
ctx007	The human heart is a muscular organ that pumps blood throughout the body. It has four chambers: the right atrium, right ventricle, left atrium, and left ventricle. Blood enters the right atrium from the body, moves to the right ventricle, and is pumped to the lungs for oxygenation. Oxygenated blood returns to the left atrium, moves to the left ventricle, and is pumped to the body. The heart's electrical system controls the heartbeat, with the sinoatrial node acting as the natural pacemaker. A healthy heart beats approximately 60-100 times per minute at rest.
ctx008	Climate change refers to long-term shifts in global temperatures and weather patterns. The primary cause is the burning of fossil fuels, which releases greenhouse gases like carbon dioxide and methane into the atmosphere. These gases trap heat, causing global temperatures to rise. Effects of climate change include rising sea levels, melting ice caps, more frequent extreme weather events, and changes in ecosystems. International efforts to address climate change include the Paris Agreement, which aims to limit global warming to well below 2 degrees Celsius. Renewable energy sources like solar and wind power are being developed to reduce greenhouse gas emissions.
ctx009	The Renaissance was a cultural movement that began in Italy in the 14th century and spread throughout Europe. It marked the transition from the Middle Ages to modernity. Key aspects included a revival of classical learning, emphasis on humanism, and advancements in art, science, and literature. Notable figures included Leonardo da Vinci, Michelangelo, Galileo, and Shakespeare. The printing press, invented by Gutenberg, helped spread ideas rapidly. The Renaissance led to increased scientific inquiry, secular thinking, and individual expression. Its legacy continues to influence Western culture today.
ctx010	Machine learning is a subset of artificial intelligence that enables computers to learn from data without explicit programming. There are three main types: supervised learning, unsupervised learning, and reinforcement learning. Supervised learning uses labeled data to train models, while unsupervised learning finds patterns in unlabeled data. Reinforcement learning involves an agent learning through trial and error by interacting with an environment. Common algorithms include neural networks, decision trees, support vector machines, and k-means clustering. Machine learning is used in applications like image recognition, natural language processing, and recommendation systems.
ctx011	Marcus stood in front of the full-length mirror, adjusting his tie for the third time. He was nervous about the job interview that morning. He picked up his blazer from the bed and put it on, checking himself one more time. His sister Sarah watched from the doorway and suggested he wear his blue shirt instead. He took off the blazer, removed the white shirt, and pulled on the blue one. After buttoning it up, he put the blazer back on. He grabbed his portfolio and headed out the door, walking three blocks to the office building. The interview lasted two hours, and the manager offered him the position on the spot. Marcus accepted happily and went to a nearby café to order a celebratory coffee. He drank it while reading a newspaper.
ctx012	The rain tapped against the window as Elena sat at her desk, staring at her computer screen. She had been working on her novel for six months and felt stuck on chapter twelve. Her cat, Whiskers, jumped onto the desk and knocked over her pen. Elena sighed and picked it up, petting the cat briefly. She decided to take a break and walked to the kitchen. She opened the refrigerator and took out a container of pasta leftovers. She put it in the microwave for two minutes and ate while standing by the counter. After eating, she returned to her desk, fed Whiskers some treats, and managed to write three more paragraphs before dinner time.
ctx013	The family reunion took place in the backyard on a Saturday afternoon. Grandma Clara brought her famous apple pie, while Uncle Tom brought a cooler full of sodas and beers. The children ran around playing tag, and teenage cousins sat on blankets looking at their phones. Dad fired up the grill and started cooking burgers and hot dogs. Mom prepared salads and set the table with paper plates. The conversation centered around how much everyone had grown since the last gathering. Little Maya accidentally spilled juice on her dress and started crying. Her older brother Liam comforted her and helped clean the mess. As evening approached, everyone gathered for group photos before saying goodnight.
ctx014	Emma walked into the downtown department store with a shopping list in hand. She needed a winter coat, some comfortable work shoes, and a birthday gift for her mother. She spent thirty minutes in the shoe department trying on several pairs before selecting a black pair with good arch support. Moving to the coat section, she found a cream-colored wool coat that fit perfectly. For her mother's gift, she browsed the jewelry counter and chose a silver necklace with a small pendant. At checkout, the clerk offered her a store credit card. Emma declined politely. She carried her shopping bags to her car and drove home, stopping at a pharmacy to pick up some medicine on the way.
ctx015	Jasmine and Maya met at their favorite bookstore café every Tuesday evening. Jasmine arrived first and ordered a large latte and a blueberry muffin. Maya arrived five minutes later, ordered herbal tea, and joined Jasmine at the corner table. They discussed the book club's latest selection, a mystery novel set in Victorian England. Jasmine had already finished it and revealed the ending, much to Maya's annoyance. Maya asked for the check and paid with cash before Jasmine could offer to split it. They walked outside together and decided to visit the nearby park to continue their conversation. On the way, they stopped at a street vendor and bought some roasted nuts to share.
ctx016	The alarm rang at 5:30 AM and David groaned before rolling out of bed. He put on his running shoes and a lightweight jacket, then headed out for his morning exercise. He ran along the river path, passing a few other early risers and a group of rowers on the water. After thirty minutes, he stopped at a bench to catch his breath and drink some water from his bottle. He ran back home, took a quick shower, and dressed for work. In the kitchen, he scrambled three eggs and toasted two slices of bread. While eating, he watched the morning news on television. He left his apartment at 7:45 AM, taking the subway to his office in the financial district.
ctx017	Alex and Taylor hosted a dinner party for six friends on Friday night. Taylor spent the afternoon cooking a roast chicken with vegetables, while Alex set the dining table and chilled wine bottles. Guests arrived around 7 PM, bearing gifts of wine and dessert. Everyone mingled in the living room, drinking cocktails and eating appetizers that Taylor had prepared earlier. At 8 PM, they all sat down for dinner. The conversation flowed from work updates to vacation plans and movie recommendations. After the main course, Taylor served homemade chocolate cake for dessert. Coffee and tea were offered as the evening wound down. The last guests departed at midnight, and Alex and Taylor cleaned up the kitchen together.
ctx018	Nora checked into the small coastal hotel after a six-hour drive. The receptionist handed her a key and pointed toward the elevator. Her room on the third floor faced the ocean, with a small balcony and two single beds. She unpacked her suitcase, hanging her clothes in the closet and placing her toiletries in the bathroom. Tired from the journey, she lay down on one of the beds and napped for an hour. When she woke, she went down to the hotel restaurant. She ordered fish and chips and ate while watching the sunset through the large windows. After dinner, she took a long walk on the beach, collecting seashells until the sky turned dark.
ctx019	The music lessons took place in Mrs. Henderson's living room every Wednesday afternoon. Seven-year-old Leo sat on the piano bench, his feet barely touching the pedals. Mrs. Henderson sat beside him, guiding his hands to the correct keys. His mother, Maria, waited in the kitchen, reading a magazine and drinking tea. Leo struggled with the scales but managed to play "Twinkle, Twinkle, Little Star" without mistakes by the end of the lesson. Mrs. Henderson gave him a small piece of candy as a reward. Maria paid the fee and thanked the teacher. On the walk home, Leo talked excitedly about learning a new song next week. They stopped at the grocery store to buy ingredients for spaghetti dinner.
ctx020	When the electricity went out during the thunderstorm, Michael and Jessica lit several candles throughout the house. The TV screen went black, and the Wi-Fi router stopped blinking. Michael went to the kitchen and opened the refrigerator, warning everyone to keep the door closed to preserve the cold. Jessica found a flashlight in the utility drawer and checked on their young son, Lucas, who was playing with building blocks by the window. Lucas seemed fascinated by the lightning flashes. Michael started a fire in the fireplace to keep the room warm. The family sat together telling stories and eating crackers by candlelight. Three hours later, the lights came back on, and Michael turned off all the candles and closed the fireplace damper.